id,gender,masterCategory,subCategory,articleType,baseColour,season,year,usage,productDisplayName
1855,Men,Apparel,Topwear,Tshirts,Grey,Summer,2011.0,Casual,Inkfruit Mens Chain Reaction T-shirt
1852,Men,Apparel,Topwear,Tshirts,Blue,Summer,2011.0,Casual,Inkfruit Men Ride It Or Die T-shirt
1890,Men,Apparel,Topwear,Tshirts,Red,Winter,2010.0,Casual,FIFA Mens Essentials Red T-shirt
1863,Men,Apparel,Topwear,Tshirts,Black,Summer,2011.0,Casual,Inkfruit Men Night Wolf T-shirt
1897,Men,Apparel,Topwear,Tshirts,Blue,Winter,2010.0,Sports,FIFA Men Germany Blue Jersey
2210,Men,Apparel,Topwear,Tshirts,Black,Fall,2010.0,Sports,ADIDAS Men 3 Stripe Black Polo T-shirt
1862,Men,Apparel,Topwear,Tshirts,Grey,Summer,2011.0,Casual,Inkfruit Mens Urban Warfare T-shirt
1865,Men,Apparel,Topwear,Tshirts,White,Summer,2011.0,Casual,Inkfruit Men Operation Kick
1891,Men,Apparel,Topwear,Tshirts,White,Winter,2010.0,Casual,FIFA Mens Essentials White T-shirt
1853,Men,Apparel,Topwear,Tshirts,Yellow,Summer,2011.0,Casual,Inkfruit Mens Little Bit More T-shirt
1854,Men,Apparel,Topwear,Tshirts,Purple,Summer,2011.0,Casual,Inkfruit Mens Pencho T-shirt
2216,Women,Accessories,Socks,Socks,Beige,Fall,2010.0,Sports,ADIDAS Women Beige Socks
2211,Men,Footwear,Sandal,Sandals,Navy Blue,Fall,2010.0,Casual,Puma Men Trek Navy Blue Floater
1944,Men,Apparel,Topwear,Tshirts,Blue,Fall,2010.0,Casual,Puma Mens Reggae All Night Blues T-shirt
2194,Men,Apparel,Topwear,Tshirts,Black,Fall,2010.0,Sports,Adidas Men Stripe Polo Shirt
2160,Men,Apparel,Topwear,Tshirts,Red,Spring,2011.0,Casual,Basics Men Red T-shirt
2158,Men,Apparel,Topwear,Tshirts,Red,Spring,2011.0,Casual,Basics Men Red Polo T-shirt
1943,Unisex,Accessories,Bags,Duffel Bag,Grey,Summer,2011.0,Casual,Domyos Grey Duffle Duffle Bag
2167,Men,Apparel,Topwear,Shirts,Blue,Summer,2011.0,Casual,Probase Men Blue & White Shirt
2193,Men,Apparel,Bottomwear,Shorts,Navy Blue,Fall,2010.0,Sports,ADIDAS Men Navy Short
2151,Men,Apparel,Topwear,Tshirts,White,Spring,2011.0,Casual,Basics Men Red & Blue Polo T-shirt
2169,Men,Apparel,Topwear,Shirts,Red,Summer,2011.0,Casual,Probase Men Red & Blue Shirt
2156,Men,Apparel,Topwear,Tshirts,Navy Blue,Spring,2011.0,Casual,Basics Men Navy Polo T-shirt
1919,Men,Footwear,Shoes,Casual Shoes,Brown,Fall,2010.0,Casual,Puma Men's Choco Brown Casual Shoes
1926,Men,Apparel,Topwear,Tshirts,Blue,Fall,2010.0,Casual,Puma Mens Ocean Racing Blues T-shirt
1579,Men,Apparel,Topwear,Jackets,Grey,Fall,2010.0,Sports,Domyos Men Grey Second Skin Jacket
1584,Unisex,Apparel,Topwear,Jackets,White,Summer,2011.0,Casual,Domyos Unisex Feather-light Jacket
2133,Men,Apparel,Topwear,Shirts,Black,Spring,2011.0,Casual,Basics Men Black Slim Fit Shirt
1928,Men,Apparel,Topwear,Tshirts,Green,Fall,2010.0,Casual,Puma Mens One Love T-shirt
1570,Women,Apparel,Topwear,Tshirts,Black,Fall,2010.0,Sports,Artengo Women Tennis Singlet
1917,Men,Footwear,Shoes,Casual Shoes,White,Fall,2010.0,Casual,Puma Men White Sneakers
2134,Men,Apparel,Topwear,Shirts,Purple,Spring,2011.0,Casual,Basics Men Purple Slim Fit Checked Shirt
1910,Men,Apparel,Topwear,Tshirts,Black,Fall,2010.0,Sports,Nike Men's Classic Patterned T-shirt
2168,Men,Apparel,Topwear,Shirts,Blue,Summer,2011.0,Casual,Probase Men Check Brown Shirt
2157,Men,Apparel,Topwear,Tshirts,Yellow,Spring,2011.0,Casual,Basics Men Yellow Polo T-shirt
2150,Men,Apparel,Topwear,Tshirts,White,Spring,2011.0,Casual,Basics Men Yellow Striped Polo T-shirt
1942,Men,Apparel,Topwear,Tshirts,White,Fall,2010.0,Casual,Puma Mens Reggae All Night White T-shirt
2159,Men,Apparel,Topwear,Tshirts,Green,Spring,2011.0,Casual,Basics Men Green Polo T-shirt
2192,Men,Apparel,Bottomwear,Shorts,White,Fall,2010.0,Sports,ADIDAS Men White Short
2166,Men,Apparel,Topwear,Shirts,Blue,Summer,2011.0,Casual,Probase Men Check Orange Shirt
1945,Men,Apparel,Topwear,Tshirts,Green,Fall,2010.0,Sports,Puma Mens Reggae All Night Green T-shirt
2161,Men,Apparel,Topwear,Tshirts,Blue,Spring,2011.0,Casual,Basics Men Turquoise T-shirt
2195,Women,Apparel,Bottomwear,Capris,Black,Fall,2010.0,Sports,ADIDAS Women Black Capris
2135,Men,Apparel,Topwear,Shirts,Red,Spring,2011.0,Casual,Basics Men Red & Blue Slim Fit Shirt
1911,Men,Apparel,Topwear,Tshirts,Blue,Fall,2010.0,Sports,Nike Mens Manchester United Blues T-shirt
1549,Men,Footwear,Shoes,Sports Shoes,White,Fall,2010.0,Sports,Puma Men's Jiyu Slip On Sneaker
1929,Men,Footwear,Shoes,Sports Shoes,Black,Fall,2010.0,Sports,Quechua Men's Lighweight Black Shoe
1571,Men,Footwear,Shoes,Sports Shoes,White,Fall,2010.0,Sports,Kalenji Men's Super Soft Sports Shoes
2132,Men,Apparel,Topwear,Shirts,Brown,Spring,2011.0,Casual,Basics Men Brown Slim Fit Shirt
1916,Men,Footwear,Shoes,Sports Shoes,Black,Fall,2011.0,Sports,Puma Men's Game Point Shoes
1920,Men,Footwear,Shoes,Casual Shoes,Black,Fall,2011.0,Casual,Puma Men Graffiti FX Shoes
1578,Men,Apparel,Topwear,Tshirts,Red,Fall,2010.0,Sports,Domyos Men Good Stroke Red T-shirt
1918,Unisex,Accessories,Bags,Backpacks,Blue,Fall,2010.0,Sports,Domyos 300 Blue Bag
1927,Unisex,Accessories,Bags,Backpacks,Navy Blue,Summer,2011.0,Sports,Domyos Navy Blue Bag
1905,Men,Apparel,Topwear,Tshirts,Blue,Winter,2010.0,Casual,FIFA Mens 1904 Football Federation T-shirt
2121,Women,Apparel,Topwear,Shirts,Black,Winter,2010.0,Casual,Lee Women Black Shirt
1562,Men,Apparel,Topwear,Tshirts,Grey,Fall,2010.0,Sports,Quechua Men Sweat Proof Grey T-shirt
1902,Men,Apparel,Topwear,Tshirts,Blue,Winter,2010.0,Sports,FIFA Men Blue Jersey
2119,Women,Apparel,Topwear,Shirts,Pink,Winter,2010.0,Casual,Lee Women Pink Shirt
2126,Men,Apparel,Topwear,Shirts,White,Spring,2011.0,Casual,Basics MenNavy Slim Fit Checked Shirt
1934,Unisex,Accessories,Bags,Backpacks,Purple,Summer,2011.0,Sports,Quechua Forclaz 25L Air Purple Backpack
2128,Men,Apparel,Topwear,Shirts,White,Spring,2011.0,Casual,Basics Men Red & White Slim Fit Shirt
1933,Unisex,Accessories,Bags,Backpacks,Grey,Fall,2010.0,Sports,Quechua Arpenaz 20L Dark Grey Bag
2117,Men,Apparel,Bottomwear,Shorts,Grey,Fall,2010.0,Sports,ADIDAS Men Grey  Capris
2143,Men,Apparel,Topwear,Tshirts,Navy Blue,Spring,2011.0,Casual,Basics Men Blue Striped Polo T-shirt
2188,Women,Apparel,Apparel Set,Swimwear,Black,Summer,2016.0,Sports,ADIDAS Women Stripe Black Swimming Cap
2144,Men,Apparel,Topwear,Tshirts,Pink,Spring,2011.0,Casual,Basics Men Pink Striped Polo T-shirt
1538,Men,Apparel,Topwear,Tshirts,Blue,Fall,2010.0,Casual,Puma Men Ferrari Track Black T-shirt
2172,Men,Apparel,Topwear,Tshirts,Navy Blue,Summer,2011.0,Casual,Probase Men Stripe Navy Blue T-shirt
2181,Men,Apparel,Topwear,Tshirts,Blue,Summer,2011.0,Casual,Probase Men Aqua T-shirt
1951,Women,Footwear,Shoes,Sports Shoes,Purple,Fall,2011.0,Sports,Puma Women Eco Funky Shoes
1932,Women,Footwear,Shoes,Casual Shoes,Grey,Fall,2010.0,Casual,Quechua Women Arpenaz Flex Grey Shoe
2129,Men,Apparel,Topwear,Shirts,Green,Spring,2011.0,Casual,Basics Men Green Slim Fit Checked Shirt
1555,Unisex,Accessories,Water Bottle,Water Bottle,Purple,Fall,2010.0,Sports,Quechua Red Sipper
2116,Men,Apparel,Bottomwear,Track Pants,Black,Fall,2010.0,Sports,ADIDAS Men Smooth Striped Track Pants
1935,Unisex,Accessories,Bags,Backpacks,Black,Summer,2011.0,Sports,Quechua 22L Blue Bag
2118,Men,Apparel,Bottomwear,Track Pants,Black,Fall,2010.0,Sports,ADIDAS Men's Foamy Striped Track Pants
1903,Men,Apparel,Topwear,Tshirts,Yellow,Winter,2010.0,Sports,FIFA Men Brazil Yellow Jersey
2127,Men,Apparel,Topwear,Shirts,Red,Spring,2011.0,Casual,Basics Men Red Slim FitChecked Shirt
1904,Men,Apparel,Topwear,Tshirts,Blue,Winter,2010.0,Sports,FIFA Men Brazil Blue & Yellow Jersey
1563,Men,Apparel,Topwear,Tshirts,Blue,Fall,2010.0,Sports,Quechua Men Sweat Proof Blue T-shirt
2120,Women,Apparel,Topwear,Tops,Navy Blue,Winter,2010.0,Casual,Lee Women Navy Blue Top
2180,Men,Apparel,Topwear,Tshirts,Orange,Summer,2011.0,Casual,Probase Mens Probase Orange Stripe Polo tee T-shirt
1537,Men,Apparel,Topwear,Tshirts,Red,Fall,2010.0,Sports,Puma Men Red Net Jersey
1950,Men,Apparel,Topwear,Tshirts,Black,Fall,2010.0,Casual,Puma Mens Colour Splash T-shirt
2187,Men,Apparel,Bottomwear,Shorts,Navy Blue,Fall,2010.0,Sports,ADIDAS Men Stripe Navy Short
2145,Men,Apparel,Topwear,Tshirts,Green,Spring,2011.0,Casual,Basics Men Green Striped Polo T-shirt
2142,Men,Apparel,Topwear,Tshirts,Grey,Spring,2011.0,Casual,Basics Men Grey Tshirt
2189,Men,Apparel,Topwear,Tshirts,Grey,Fall,2010.0,Sports,ADIDAS Men Grey Logo T-shirt
2202,Men,Apparel,Topwear,Tshirts,White,Fall,2010.0,Sports,Adidas Men White Polo T-shirt
2205,Men,Apparel,Topwear,Tshirts,White,Fall,2010.0,Sports,ADIDAS Men Stripe White T-shirt
1849,Men,Apparel,Topwear,Tshirts,White,Summer,2011.0,Casual,Inkfruit Mens Unbreakable Mumbai T-shirt
1882,Men,Apparel,Topwear,Tshirts,Red,Winter,2010.0,Casual,FIFA Mens Code Collection Red T-shirt
1876,Men,Apparel,Topwear,Tshirts,White,Winter,2010.0,Casual,FIFA Mens Mexican Wave White T-shirt
1871,Men,Apparel,Topwear,Tshirts,White,Winter,2010.0,Casual,FIFA Mens 1990 World Cup White T-shirt
1885,Men,Apparel,Bottomwear,Shorts,Grey,Winter,2010.0,Casual,FIFA Mens 1904 Heritage Shorts
1847,Men,Apparel,Topwear,Tshirts,Blue,Summer,2011.0,Casual,Inkfruit Mens Messy T-shirt
2204,Men,Apparel,Topwear,Tshirts,Black,Fall,2010.0,Sports,ADIDAS Men Black Polo T-shirt
2203,Men,Apparel,Topwear,Tshirts,Blue,Fall,2010.0,Sports,Adidas Men Blue Polo T-shirt
1879,Men,Apparel,Topwear,Tshirts,Red,Winter,2010.0,Casual,FIFA Mens 1982 Spain Red T-shirt
1846,Men,Apparel,Topwear,Tshirts,Blue,Summer,2011.0,Casual,Inkfruit Men Buddha Bless You T-shirt
1884,Men,Apparel,Bottomwear,Track Pants,Navy Blue,Winter,2010.0,Casual,FIFA Mens 1905 Heritage Collection Track Pants
1870,Men,Apparel,Topwear,Tshirts,Black,Winter,2010.0,Casual,FIFA Mens 1990 World Cup Black T-shirt
1848,Men,Apparel,Topwear,Tshirts,Black,Summer,2011.0,Casual,Inkfruit Men Wolf
1877,Men,Apparel,Topwear,Tshirts,Grey,Winter,2010.0,Casual,FIFA Mens Mexican Wave Grey T-shirt
1883,Men,Apparel,Bottomwear,Track Pants,Grey,Winter,2010.0,Casual,FIFA Mens Heritage Collection Grey Track Pants
2214,Women,Accessories,Socks,Socks,Black,Fall,2010.0,Sports,ADIDAS Women Black Socks
2213,Men,Footwear,Sandal,Sandals,Brown,Fall,2010.0,Casual,Puma Men Brown Sandal
1856,Men,Apparel,Topwear,Tshirts,Red,Summer,2011.0,Casual,Inkfruit Men Rebel Without a Clue T-shirt
1869,Men,Apparel,Topwear,Tshirts,Navy Blue,Winter,2010.0,Casual,FIFA Mens 1904 Navy Blue T-shirt
1860,Men,Apparel,Topwear,Tshirts,Grey,Summer,2011.0,Casual,Inkfruit Mens Shiva T-shirt
1867,Men,Apparel,Topwear,Tshirts,Blue,Summer,2011.0,Casual,Inkfruit Men Nayak Nahi T-shirt
2212,Men,Apparel,Topwear,Tshirts,Green,Fall,2010.0,Casual,Adidas Men 3 Stripe Green Polo T-shirt
2215,Men,Footwear,Sandal,Sandals,Olive,Fall,2010.0,Sports,Puma Men Gypsy Olive Sandals
1866,Men,Apparel,Topwear,Tshirts,Maroon,Summer,2011.0,Casual,Inkfruit Mens My Pet T-shirt
1892,Men,Apparel,Topwear,Sweatshirts,Blue,Winter,2010.0,Casual,FIFA Men Full Sleeves Hoody Sweatshirt
1859,Men,Apparel,Topwear,Tshirts,Red,Summer,2011.0,Casual,Inkfruit Men Eye Opener T-shirt
1895,Men,Apparel,Topwear,Sweatshirts,Black,Winter,2010.0,Casual,FIFA Men Full Sleeves Hoody Sweatshirt
1861,Men,Apparel,Topwear,Tshirts,White,Summer,2011.0,Casual,Inkfruit Men Graff Wars T-shirt
1857,Men,Apparel,Topwear,Tshirts,Black,Summer,2011.0,Casual,Inkfruit Mens Life After Midnight T-shirt
1868,Men,Apparel,Topwear,Tshirts,White,Summer,2011.0,Casual,Inkfruit Mens Facebook Like T-shirt
2139,Men,Apparel,Topwear,Tshirts,White,Spring,2011.0,Casual,Basics Men White Roadies T-shirt
1922,Men,Apparel,Topwear,Tshirts,Black,Fall,2010.0,Sports,Puma Mens Slim Fit Black Polo T-shirt
1925,Unisex,Accessories,Bags,Backpacks,Black,Fall,2010.0,Sports,Quechua Black Bag
2137,Men,Apparel,Topwear,Shirts,Green,Spring,2011.0,Casual,Basics Men White & Green Slim Fit Shirt
1913,Men,Apparel,Topwear,Tshirts,Black,Fall,2010.0,Sports,Nike Mens Seize Victory Black T-shirt
2130,Men,Apparel,Topwear,Shirts,Green,Spring,2011.0,Casual,Basics Men Green & White Slim Fit Shirt
1587,Men,Footwear,Shoes,Sports Shoes,White,Spring,2010.0,Sports,Kipsta Men Superfit Football White Shoe
2164,Men,Apparel,Topwear,Shirts,Purple,Spring,2011.0,Casual,Probase Men Stripe Purple Shirt
2190,Men,Apparel,Bottomwear,Track Pants,Grey,Fall,2010.0,Sports,ADIDAS Men Lead Light Track Pant
1947,Men,Apparel,Topwear,Tshirts,Blue,Fall,2010.0,Sports,Puma Mens Cricket Way of Life T-shirt
2197,Men,Footwear,Shoes,Sports Shoes,White,Fall,2010.0,Sports,ADIDAS Men's Stripe White Run Shoe
2163,Men,Apparel,Topwear,Shirts,Red,Summer,2011.0,Casual,Probase Men Stripe Red Shirt
2155,Men,Apparel,Topwear,Tshirts,Green,Spring,2011.0,Casual,Basics Men Green & Black Polo T-shirt
2199,Women,Footwear,Shoes,Casual Shoes,Blue,Fall,2010.0,Casual,ADIDAS Women Streaks Blue Shoe
2152,Men,Apparel,Topwear,Tshirts,White,Spring,2011.0,Casual,Basics Men Green & Blue Polo T-shirt
1949,Men,Apparel,Topwear,Tshirts,White,Fall,2010.0,Casual,Puma Mens Keyboard Sidebar White Polo T-shirt
2131,Men,Apparel,Topwear,Shirts,Blue,Summer,2011.0,Casual,Basics Men Blue Slim Fit Checked Shirt
1915,Unisex,Accessories,Accessories,Water Bottle,Yellow,Summer,2011.0,Casual,Quechua Yellow Sipper
2136,Men,Apparel,Topwear,Shirts,Navy Blue,Spring,2011.0,Casual,Basics Men Blue & White Slim Fit Checked Shirt
1912,Men,Apparel,Topwear,Tshirts,White,Fall,2010.0,Sports,Nike Mens Running White T-shirt
1543,Men,Footwear,Shoes,Casual Shoes,Black,Fall,2010.0,Casual,Puma Men Basket-Biz Sneaker
1924,Men,Apparel,Topwear,Tshirts,White,Fall,2010.0,Sports,Puma Mens Racing White T-shirt
1544,Men,Footwear,Shoes,Casual Shoes,White,Fall,2010.0,Casual,Puma Men's Basket Bump Sneaker
1923,Women,Footwear,Shoes,Sports Shoes,White,Fall,2010.0,Sports,Kalenji Women Running Shoe
2138,Men,Apparel,Topwear,Shirts,Green,Spring,2011.0,Casual,Basics Men Green & Cream Slim Fit Shirt
2198,Men,Footwear,Shoes,Sports Shoes,White,Fall,2010.0,Sports,ADIDAS Men's Sports Shoe
1948,Men,Apparel,Topwear,Tshirts,Black,Fall,2010.0,Casual,Puma Mens Keyboard Sidebar Black Polo T-shirt
2153,Men,Apparel,Topwear,Tshirts,Navy Blue,Spring,2011.0,Casual,Basics Men Blue & Yellow Polo T-shirt
2154,Men,Apparel,Topwear,Tshirts,White,Spring,2011.0,Casual,Basics Men Red & Grey Polo T-shirt
1946,Men,Apparel,Topwear,Tshirts,Green,Fall,2010.0,Casual,Puma Mens One Love Reggae Polo T-shirt
2162,Men,Apparel,Topwear,Shirts,Blue,Spring,2011.0,Casual,Probase Men Blue Slim Fit Solid Casual Shirt
2196,Men,Footwear,Shoes,Sports Shoes,White,Fall,2010.0,Sports,ADIDAS Men's White Comfort Shoe
1941,Women,Accessories,Bags,Handbags,Brown,Summer,2011.0,Sports,Domyos Brown Bag
2191,Men,Apparel,Bottomwear,Shorts,Blue,Fall,2010.0,Sports,ADIDAS Men Chelsea Lead Short
2165,Men,Apparel,Topwear,Shirts,Blue,Summer,2011.0,Casual,Probase Men Check Blue Shirt
2147,Men,Apparel,Topwear,Tshirts,Orange,Spring,2011.0,Casual,Basics Men Orange Striped Polo T-shirt
1963,Men,Footwear,Shoes,Sports Shoes,White,Fall,2010.0,Sports,ADIDAS Men's Azaro White Shoe
2140,Men,Apparel,Topwear,Tshirts,White,Spring,2011.0,Casual,Basics Men White T-shirt
2176,Men,Apparel,Topwear,Tshirts,Blue,Spring,2011.0,Casual,Probase Men Blue & Green T-shirt
2182,Men,Apparel,Topwear,Tshirts,Yellow,Summer,2011.0,Casual,Probase Men Yellow T-shirt
2149,Men,Apparel,Topwear,Tshirts,White,Spring,2011.0,Casual,Basics Men Orange & White Polo T-shirt
2185,Men,Apparel,Topwear,Tshirts,Yellow,Spring,2011.0,Casual,Probase Mens Shut Up Yellow Tee T-shirt
2171,Men,Apparel,Topwear,Tshirts,Brown,Summer,2011.0,Casual,Probase Men Brown & White T-shirt
2125,Women,Apparel,Topwear,Shirts,White,Winter,2010.0,Casual,Lee Women White Shirt
1906,Men,Apparel,Topwear,Tshirts,Cream,Winter,2010.0,Casual,FIFA Mens 1905 Football Federation T-shirt
1595,Men,Apparel,Topwear,Tshirts,Black,Spring,2010.0,Sports,Domyos Men Good Stroke Black T-shirt
2122,Women,Apparel,Topwear,Tops,Black,Winter,2010.0,Casual,Lee Women Black Top
1939,Women,Accessories,Bags,Handbags,Blue,Summer,2011.0,Sports,Geonaute Women Large Outdoor Bag Bag
1930,Unisex,Accessories,Bags,Backpacks,Red,Fall,2010.0,Sports,Quechua 22L Red Bag
1937,Women,Footwear,Shoes,Sports Shoes,Black,Fall,2010.0,Sports,Kalenji Women Black Pink Shoe
1550,Unisex,Sporting Goods,Sports Equipment,Footballs,White,Fall,2010.0,Sports,Puma Cat Trainer-WBL Football
2170,Men,Apparel,Topwear,Shirts,White,Summer,2011.0,Casual,Probase Mens  Shirts
2184,Men,Apparel,Topwear,Tshirts,Blue,Summer,2011.0,Casual,Probase Men Navy Blue T-shirt
2183,Men,Apparel,Topwear,Tshirts,Grey,Spring,2011.0,Casual,Probase Men Grey T-shirt
2177,Men,Apparel,Topwear,Tshirts,Blue,Summer,2011.0,Casual,Probase Men Purple & Blue T-shirt
2148,Men,Apparel,Topwear,Tshirts,Green,Spring,2011.0,Casual,Basics Men Green & White T-shirt
2141,Men,Apparel,Topwear,Tshirts,Green,Spring,2011.0,Casual,Basics Men Green T-shirt
2146,Men,Apparel,Topwear,Tshirts,Purple,Spring,2011.0,Casual,Basics Men Purple Striped T-shirt
2179,Men,Apparel,Topwear,Tshirts,Grey,Spring,2011.0,Casual,Probase Men Stripe Grey T-shirt
1962,Men,Footwear,Shoes,Sports Shoes,White,Fall,2010.0,Sports,ADIDAS Men's Duramo Leather Shoe
1936,Unisex,Accessories,Bags,Backpacks,Brown,Fall,2010.0,Sports,Quechua Arpenaz 30L Brown Bag
1909,Men,Apparel,Topwear,Tshirts,Blue,Fall,2010.0,Sports,Nike Mens Classic Sportswear T-shirt
1931,Men,Apparel,Topwear,Tshirts,Navy Blue,Fall,2010.0,Casual,Puma Men's Jamaica Jam Navy Blue T-shirt
1556,Unisex,Accessories,Bags,Backpacks,Black,Summer,2011.0,Sports,Quechua Forclaz Large  Backpack - 50 ltr Orange
1907,Men,Apparel,Topwear,Tshirts,Black,Fall,2010.0,Sports,Nike Mens Classic Black T-shirt
1938,Men,Apparel,Topwear,Tshirts,Blue,Fall,2010.0,Casual,Puma Men's Jamaica Jam Blues T-shirt
2123,Women,Apparel,Topwear,Tops,Blue,Winter,2010.0,Casual,Lee Women Blue Top
1594,Unisex,Footwear,Shoes,Casual Shoes,Grey,Fall,2012.0,Casual,Newfeel Unisex Grey Mesh Lightweight Shoe
2124,Women,Apparel,Topwear,Tshirts,Black,Winter,2010.0,Casual,Lee Women Black T-shirt
1872,Men,Apparel,Topwear,Tshirts,White,Winter,2010.0,Casual,FIFA Mens 1962 World Cup White T-shirt
1886,Men,Apparel,Topwear,Tshirts,Grey,Winter,2010.0,Casual,FIFA Mens Red Card Grey T-shirt
1881,Men,Apparel,Topwear,Tshirts,Grey,Winter,2010.0,Casual,FIFA Mens France 1938 Grey T-shirt
1875,Men,Apparel,Topwear,Tshirts,Green,Winter,2010.0,Casual,FIFA Mens 1990 World Cup Edition T-shirt
1888,Men,Apparel,Topwear,Tshirts,Black,Winter,2010.0,Casual,FIFA Mens Essentials Black T-shirt
2206,Men,Apparel,Topwear,Tshirts,Grey,Fall,2010.0,Sports,ADIDAS Men Stripe Grey T-shirt
2201,Men,Apparel,Topwear,Tshirts,Black,Fall,2010.0,Sports,Adidas Men Black Polo T-shirt
2208,Men,Footwear,Flip Flops,Flip Flops,Black,Fall,2011.0,Casual,Puma Mens Drifter Black Flip Flop
1889,Men,Apparel,Topwear,Tshirts,Navy Blue,Winter,2010.0,Casual,Fifa Men Essentials Navy Blue T-shirt
1880,Men,Apparel,Topwear,Tshirts,Black,Winter,2010.0,Casual,FIFA Mens World Cup Champions Black T-shirt
1887,Men,Apparel,Topwear,Tshirts,Green,Winter,2010.0,Casual,FIFA Mens Essentials Green T-shirt
2209,Men,Apparel,Topwear,Tshirts,White,Fall,2010.0,Sports,Adidas Men 3 Stripe White Polo T-shirt
2200,Men,Apparel,Topwear,Tshirts,Red,Fall,2010.0,Sports,Adidas Men Red Polo T-shirt
2207,Men,Apparel,Topwear,Tshirts,Blue,Fall,2010.0,Sports,ADIDAS Men Stripe Blue T-shirt
